Activity,Predicted_Activity
active,active
active,active
active,active
active,active
active,active
active,active
active,active
active,active
active,active
active,active
active,active
active,active
active,active
active,active
active,active
active,active
active,active
active,active
active,active
active,active
active,active
active,active
active,active
active,active
active,active
active,active
active,active
active,active
active,active
active,active
active,active
active,active
active,active
active,active
active,active
active,active
active,active
active,active
active,active
active,active
active,active
active,active
active,active
active,active
active,active
active,active
active,active
active,active
active,active
active,active
active,active
active,active
active,active
active,active
active,active
active,active
active,active
active,active
active,active
active,active
active,active
active,active
active,active
active,active
active,active
active,active
active,active
active,active
active,active
active,active
active,active
active,active
active,active
active,active
active,active
active,active
active,active
active,active
active,active
active,active
active,active
active,active
active,active
active,active
active,active
active,active
active,active
active,active
active,active
active,active
active,active
active,active
active,active
active,active
active,active
active,active
active,active
active,active
active,active
active,active
active,active
active,active
active,active
active,active
active,active
active,active
active,active
active,active
active,active
active,active
active,active
active,active
active,active
active,active
active,active
active,active
active,active
active,active
active,active
active,active
active,active
active,active
active,active
active,active
active,active
active,active
active,active
active,active
active,active
active,active
active,active
active,active
active,active
active,active
active,active
active,active
active,active
active,active
active,active
active,active
active,active
active,active
active,active
active,active
active,active
active,active
active,active
active,active
active,active
active,active
active,active
active,active
active,active
active,active
active,active
active,active
active,active
active,active
active,active
active,active
active,active
active,active
active,active
active,active
active,active
active,active
active,active
active,active
active,active
active,active
active,active
active,active
active,active
active,active
active,active
active,active
active,active
active,active
active,active
active,active
active,active
active,active
active,active
active,active
active,active
active,active
active,active
active,active
active,active
active,active
active,active
active,active
active,active
active,active
active,active
active,active
active,active
active,active
active,active
active,active
active,active
active,active
active,active
active,active
active,active
active,active
active,active
active,active
active,active
active,active
active,active
active,active
active,active
active,active
active,active
active,active
active,active
active,active
active,active
active,active
active,active
active,active
active,active
active,active
active,active
active,active
active,active
active,active
active,active
active,active
active,active
active,active
active,active
active,active
active,active
active,active
active,active
active,active
active,active
active,active
active,active
active,active
active,active
active,active
active,active
active,active
active,active
active,active
active,active
active,active
active,active
active,active
active,active
active,active
active,active
active,active
active,active
active,active
active,active
active,active
active,active
active,active
active,active
active,active
active,active
active,active
active,active
active,active
active,active
active,active
active,active
active,active
active,active
active,active
active,active
active,active
active,active
active,active
active,active
active,active
active,active
active,active
active,active
active,active
active,active
active,active
active,active
active,active
active,active
active,active
active,active
active,active
active,active
active,active
active,active
active,active
active,active
active,active
active,active
active,active
active,active
active,active
active,active
active,active
active,active
active,active
active,active
active,active
active,active
active,active
active,active
active,active
active,active
active,active
active,active
active,active
active,active
active,active
active,active
active,active
active,active
active,active
active,active
active,active
active,active
active,active
active,active
active,active
active,active
active,active
active,active
active,active
active,active
active,active
active,active
active,active
active,active
active,active
active,active
active,active
active,active
active,active
active,active
active,active
active,active
active,active
active,active
active,active
active,active
active,active
active,active
active,active
active,active
active,active
active,active
active,active
active,active
active,active
active,active
active,active
active,active
active,active
active,active
active,active
active,active
active,active
active,active
active,active
active,active
active,active
active,active
active,active
active,active
active,active
active,active
active,active
active,active
active,active
active,active
active,active
active,active
active,active
active,active
active,active
active,active
active,active
active,active
active,active
active,active
active,active
active,active
active,active
active,active
active,active
active,active
active,active
active,active
active,active
active,active
active,active
active,active
active,active
active,active
active,active
active,active
active,active
active,active
active,active
active,active
active,active
active,active
active,active
inactive,inactive
inactive,inactive
inactive,inactive
inactive,inactive
inactive,inactive
inactive,inactive
inactive,inactive
inactive,inactive
inactive,inactive
inactive,inactive
inactive,inactive
inactive,inactive
inactive,inactive
inactive,inactive
inactive,inactive
inactive,inactive
inactive,inactive
inactive,inactive
inactive,inactive
inactive,inactive
inactive,inactive
inactive,inactive
inactive,inactive
inactive,inactive
inactive,active
inactive,inactive
inactive,inactive
inactive,inactive
inactive,inactive
inactive,inactive
inactive,inactive
inactive,inactive
inactive,inactive
inactive,inactive
inactive,inactive
inactive,inactive
inactive,inactive
inactive,inactive
inactive,inactive
inactive,inactive
inactive,inactive
inactive,inactive
inactive,inactive
inactive,inactive
inactive,inactive
inactive,inactive
inactive,inactive
inactive,inactive
inactive,inactive
inactive,inactive
inactive,inactive
inactive,inactive
inactive,inactive
inactive,inactive
inactive,inactive
inactive,inactive
inactive,inactive
inactive,inactive
inactive,inactive
inactive,inactive
inactive,inactive
inactive,inactive
inactive,inactive
inactive,inactive
inactive,inactive
inactive,inactive
inactive,inactive
inactive,inactive
inactive,inactive
inactive,inactive
inactive,inactive
inactive,inactive
inactive,inactive
inactive,inactive
inactive,inactive
inactive,inactive
inactive,inactive
inactive,inactive
inactive,inactive
inactive,inactive
inactive,inactive
inactive,inactive
inactive,inactive
inactive,inactive
inactive,inactive
inactive,inactive
inactive,inactive
inactive,inactive
inactive,inactive
inactive,inactive
inactive,inactive
inactive,inactive
inactive,inactive
inactive,inactive
inactive,inactive
inactive,inactive
inactive,inactive
inactive,inactive
inactive,inactive
inactive,inactive
inactive,inactive
inactive,inactive
inactive,inactive
inactive,inactive
inactive,inactive
inactive,inactive
inactive,inactive
inactive,inactive
inactive,inactive
inactive,inactive
inactive,inactive
inactive,inactive
inactive,inactive
inactive,inactive
inactive,inactive
inactive,inactive
inactive,inactive
inactive,inactive
inactive,inactive
inactive,inactive
inactive,inactive
inactive,inactive
inactive,inactive
inactive,inactive
inactive,inactive
inactive,inactive
inactive,inactive
inactive,inactive
inactive,inactive
inactive,inactive
inactive,inactive
inactive,inactive
inactive,inactive
inactive,inactive
inactive,inactive
inactive,inactive
inactive,inactive
inactive,inactive
inactive,inactive
inactive,inactive
inactive,inactive
inactive,inactive
inactive,inactive
inactive,inactive
inactive,inactive
inactive,inactive
inactive,inactive
inactive,inactive
inactive,inactive
inactive,inactive
inactive,inactive
inactive,inactive
inactive,inactive
inactive,inactive
inactive,inactive
inactive,inactive
inactive,inactive
inactive,inactive
inactive,inactive
inactive,inactive
inactive,inactive
inactive,inactive
inactive,inactive
inactive,inactive
inactive,inactive
inactive,inactive
