,0
0,active
1,active
2,active
3,active
4,active
5,active
6,active
7,active
8,active
9,active
10,active
11,active
12,active
13,active
14,active
15,active
16,active
17,active
18,active
19,active
20,active
21,active
22,active
23,active
24,active
25,active
26,active
27,active
28,active
29,active
30,active
31,active
32,active
33,active
34,active
35,active
36,active
37,active
38,active
39,active
40,active
41,active
42,active
43,active
44,active
45,active
46,active
47,active
48,active
49,active
50,active
51,active
52,active
53,active
54,active
55,active
56,active
57,active
58,active
59,active
60,active
61,active
62,active
63,active
64,active
65,active
66,active
67,active
68,active
69,active
70,active
71,active
72,active
73,active
74,active
75,active
76,active
77,active
78,active
79,active
80,active
81,active
82,active
83,active
84,active
85,active
86,active
87,active
88,active
89,active
90,active
91,active
92,active
93,active
94,active
95,active
96,active
97,active
98,active
99,active
100,active
101,active
102,active
103,active
104,active
105,active
106,active
107,active
108,active
109,active
110,active
111,active
112,active
113,active
114,active
115,active
116,active
117,active
118,active
119,active
120,active
121,active
122,active
123,active
124,active
125,active
126,active
127,active
128,active
129,active
130,active
131,active
132,active
133,active
134,active
135,active
136,active
137,active
138,active
139,active
140,active
141,active
142,active
143,active
144,active
145,active
146,active
147,active
148,active
149,active
150,active
151,active
152,active
153,active
154,active
155,active
156,active
157,active
158,active
159,active
160,active
161,active
162,active
163,active
164,active
165,active
166,active
167,active
168,active
169,active
170,active
171,active
172,active
173,active
174,active
175,active
176,active
177,active
178,active
179,active
180,active
181,active
182,active
183,active
184,active
185,active
186,active
187,active
188,active
189,active
190,active
191,active
192,active
193,active
194,active
195,active
196,active
197,active
198,active
199,active
200,active
201,active
202,active
203,active
204,active
205,active
206,active
207,active
208,active
209,active
210,active
211,active
212,active
213,active
214,active
215,active
216,active
217,active
218,active
219,active
220,active
221,active
222,active
223,active
224,active
225,active
226,active
227,active
228,active
229,active
230,active
231,active
232,active
233,active
234,active
235,active
236,active
237,active
238,active
239,active
240,active
241,active
242,active
243,active
244,active
245,active
246,active
247,active
248,active
249,active
250,active
251,active
252,active
253,active
254,active
255,active
256,active
257,active
258,active
259,active
260,active
261,active
262,active
263,active
264,active
265,active
266,active
267,active
268,active
269,active
270,active
271,active
272,active
273,active
274,active
275,active
276,active
277,active
278,active
279,active
280,active
281,active
282,active
283,active
284,active
285,active
286,active
287,active
288,active
289,active
290,active
291,active
292,active
293,active
294,active
295,active
296,active
297,active
298,active
299,active
300,active
301,active
302,active
303,active
304,active
305,active
306,active
307,active
308,active
309,active
310,active
311,active
312,active
313,active
314,active
315,active
316,active
317,active
318,active
319,active
320,active
321,active
322,active
323,active
324,active
325,active
326,active
327,active
328,active
329,active
330,active
331,active
332,active
333,active
334,active
335,active
336,active
337,active
338,active
339,active
340,active
341,active
342,active
343,active
344,active
345,active
346,active
347,active
348,active
349,active
350,active
351,active
352,active
353,active
354,active
355,active
356,active
357,active
358,active
359,active
360,active
361,active
362,active
363,active
364,active
365,active
366,active
367,active
368,active
369,active
370,active
371,active
372,active
373,active
374,active
375,active
376,active
377,active
378,active
379,active
380,active
381,active
382,active
383,active
384,active
385,active
386,active
387,active
388,active
389,active
390,active
391,active
392,active
393,active
394,active
395,active
396,active
397,active
398,active
399,active
400,active
401,active
402,active
403,active
404,active
405,active
406,active
407,active
408,active
409,active
410,active
411,active
412,inactive
413,inactive
414,inactive
415,inactive
416,inactive
417,inactive
418,inactive
419,inactive
420,inactive
421,inactive
422,inactive
423,inactive
424,inactive
425,inactive
426,inactive
427,inactive
428,inactive
429,inactive
430,inactive
431,inactive
432,inactive
433,inactive
434,inactive
435,inactive
436,active
437,inactive
438,inactive
439,inactive
440,inactive
441,inactive
442,inactive
443,inactive
444,inactive
445,inactive
446,inactive
447,inactive
448,inactive
449,inactive
450,inactive
451,inactive
452,inactive
453,inactive
454,inactive
455,inactive
456,inactive
457,inactive
458,inactive
459,inactive
460,inactive
461,inactive
462,inactive
463,inactive
464,inactive
465,inactive
466,inactive
467,inactive
468,inactive
469,inactive
470,inactive
471,inactive
472,inactive
473,inactive
474,inactive
475,inactive
476,inactive
477,inactive
478,inactive
479,inactive
480,inactive
481,inactive
482,inactive
483,inactive
484,inactive
485,inactive
486,inactive
487,inactive
488,inactive
489,inactive
490,inactive
491,inactive
492,inactive
493,inactive
494,inactive
495,inactive
496,inactive
497,inactive
498,inactive
499,inactive
500,inactive
501,inactive
502,inactive
503,inactive
504,inactive
505,inactive
506,inactive
507,inactive
508,inactive
509,inactive
510,inactive
511,inactive
512,inactive
513,inactive
514,inactive
515,inactive
516,inactive
517,inactive
518,inactive
519,inactive
520,inactive
521,inactive
522,inactive
523,inactive
524,inactive
525,inactive
526,inactive
527,inactive
528,inactive
529,inactive
530,inactive
531,inactive
532,inactive
533,inactive
534,inactive
535,inactive
536,inactive
537,inactive
538,inactive
539,inactive
540,inactive
541,inactive
542,inactive
543,inactive
544,inactive
545,inactive
546,inactive
547,inactive
548,inactive
549,inactive
550,inactive
551,inactive
552,inactive
553,inactive
554,inactive
555,inactive
556,inactive
557,inactive
558,inactive
559,inactive
560,inactive
561,inactive
562,inactive
563,inactive
564,inactive
565,inactive
566,inactive
567,inactive
568,inactive
569,inactive
570,inactive
571,inactive
572,inactive
573,inactive
574,inactive
575,inactive
576,inactive
577,inactive
